{"cameraMode":{"drawMode":0,"name":"Shaded","section":"Shading Mode"},"sceneLighting":true,"audioPlay":false,"sceneViewState":{"m_AlwaysRefresh":false,"showFog":true,"showSkybox":true,"showFlares":true,"showImageEffects":true,"showParticleSystems":true,"showVisualEffectGraphs":true,"m_FxEnabled":false},"in2DMode":false,"pivot":{"x":0.6233001351356506,"y":27.704391479492189,"z":28.87075424194336},"rotation":{"x":0.2695315480232239,"y":-0.1023188903927803,"z":0.028817052021622659,"w":0.9571157693862915},"size":76.54695129394531,"orthographic":true}