{"cameraMode":{"drawMode":0,"name":"Shaded","section":"Shading Mode"},"sceneLighting":true,"audioPlay":false,"sceneViewState":{"m_AlwaysRefresh":false,"showFog":true,"showSkybox":true,"showFlares":true,"showImageEffects":true,"showParticleSystems":true,"showVisualEffectGraphs":true,"m_FxEnabled":false},"in2DMode":false,"pivot":{"x":0.4345768690109253,"y":0.8310426473617554,"z":-0.008180386386811734},"rotation":{"x":0.39294934272766116,"y":-0.18155638873577119,"z":0.07945024967193604,"w":0.8979511857032776},"size":141.8546905517578,"orthographic":true}