{"cameraMode":{"drawMode":0,"name":"Shaded","section":"Shading Mode"},"sceneLighting":true,"audioPlay":false,"sceneViewState":{"m_AlwaysRefresh":false,"showFog":true,"showSkybox":true,"showFlares":true,"showImageEffects":true,"showParticleSystems":true,"showVisualEffectGraphs":true,"m_FxEnabled":false},"in2DMode":false,"pivot":{"x":-8.576623916625977,"y":13.203859329223633,"z":14.404727935791016},"rotation":{"x":0.13280203938484193,"y":0.7048656344413757,"z":-0.13703294098377229,"w":0.6832115650177002},"size":32.48651123046875,"orthographic":true}